,lead_id,lead_first_name,lead_last_name,job_title,company_name,industry,company_size,city,state,country,postal_code,email,phone,lead_source,campaign,lead_status,lead_score,created_date,first_contact_date,conversion_date,annual_revenue_usd,employees,estimated_deal_value_usd,sales_rep,last_activity,marketing_opt_in,notes,lead_full_name,is_decision_maker,is_assigned
0,L-10019,James,Moore,Founder,Silverstone Automotive,Automotive,501-1000,Columbus,OH,United Sates,43215,james.moore@silverstoneautomot.com,(851) 670-3506,Website,Abm - Enterprise,Nurturing,41,2026-08-12,2026-08-22,,500000000,3200,15000,Alex Kim,Phone Call,,Downloaded Whitepaper,James Moore,True,Assigned
1,L-10046,Andrew,Jackson,Sales Director,Lighthouse Biotech,Biotechnology,1-50,Cambridge,MA,United Sates,21,andrew.jackson@lighthousebiotech.com,(355) 650-2118,Google Ads,Abm - Enterprise,New,97,2026-08-30,2026-09-11,,150000000,8500,40000,Chris Brown,Form Submission,,Asked For Pricing,Andrew Jackson,True,Assigned
2,L-10048,Christopher,Williams,Product Marketing Manager,Vertex Software,Technology,5000+,Austin,TX,United Sates,78701,christopher.williams@vertexsoftware.com,(459) 941-3463,Website,Abm - Enterprise,Contacted,53,2026-06-21,2026-06-23,,75000000,120,75000,Unassigned,Form Submission,,Referral From Partner,Christopher Williams,False,Unassigned
3,L-10090,Andrew,Brown,Data Analytics Manager,Westbridge Legal,Legal,1001-5000,Denver,CO,United Sates,80202,andrew.brown@westbridgelegal.com,(402) 668-2867,Referral,Google Search,Qualified,50,2026-05-16,2026-05-24,,25000000,45,75000,Jordan Lee,Demo Requested,Yes,Duplicate Suspected,Andrew Brown,False,Assigned
4,L-10005,Emily,Garcia,Revops Manager,Metro Hospitality,Hospitality,5000+,Miami,FL,United Sates,33131,emily.garcia@metrohospitality.com,(611) 260-3697,Website,Google Search,Nurturing,55,2026-07-15,2026-07-19,,75000000,12,5000,Chris Brown,Phone Call,No,Referral From Partner,Emily Garcia,False,Assigned
5,L-10041,Christopher,Brown,Sales Director,Metro Hospitality,Hospitality,201-500,Miami,FL,United Sates,33131,christopher.brown@metrohospitality.com,(495) 814-6119,Google Ads,Linkedin Prospecting,Converted,90,2026-07-01,2026-07-04,2026-08-05,500000,800,5000,Jordan Lee,Demo Requested,,Wrong Contact,Christopher Brown,True,Assigned
6,L-10063,Michael,Martinez,Revops Manager,Evergreen Pharma,Pharmaceuticals,5000+,San Diego,CA,United Sates,92101,michael.martinez@evergreenpharma.com,+1 (611) 252-4189,Paid Search,Free Trial,Nurturing,53,2026-06-07,2026-07-12,,12500000,3200,40000,Alex Kim,Email Open,Yes,Follow Up Next Week,Michael Martinez,False,Assigned
7,L-10101,Jennifer,Smith,Business Development Manager,Pioneer Logistics,Logistics,5001+,Dallas,TX,United Sates,75201,jennifer.smith@pioneerlogistics.com,(556) 735-9474,Website,Abm - Enterprise,Contacted,72,2026-05-14,2026-05-25,,1200000,8500,25000,Chris Brown,Demo Requested,Yes,No Response After 3 Touches,Jennifer Smith,False,Assigned
8,L-10032,Nicole,Davis,Product Marketing Manager,Silverstone Automotive,Automotive,51-200,Columbus,OH,United Sates,43215,nicole.davis@silverstoneautomot.com,+1 (673) 853-5161,Linkedin,Partner Referral,Contacted,62,2026-08-25,2026-09-08,,25000000,350,25000,Unassigned,Phone Call,Yes,Duplicate Suspected,Nicole Davis,False,Unassigned
9,L-10056,David,Thomas,Sales Director,Evergreen Pharma,Pharmaceuticals,501-1000,San Diego,CA,United Sates,92101,david.thomas@evergreenpharma.com,(347) 822-8179,Google Ads,Free Trial,Converted,32,2026-01-19,,,5000000,1500,25000,Taylor Smith,No Activity,Yes,Duplicate Suspected,David Thomas,True,Assigned
10,L-10054,Sarah,Jackson,Demand Gen Manager,Silverstone Automotive,Automotive,5001+,Columbus,OH,United Sates,43215,sarah.jackson@silverstoneautomot.com,(934) 994-8498,Linkedin,Abm - Enterprise,Converted,70,2026-01-20,2026-02-01,2026-05-02,25000000,45,100000,Taylor Smith,Phone Call,No,No Response After 3 Touches,Sarah Jackson,False,Assigned
11,L-10077,Robert,Miller,Sales Director,Summit Retail Group,Retail,501-1000,Chicago,IL,United Sates,60601,robert.miller@summitretailgroup.com,(607) 445-6269,Google Ads,Healthcare Outreach,Contacted,92,2026-05-26,2026-06-05,,500000,350,75000,Jordan Lee,Email Open,Yes,Referral From Partner,Robert Miller,True,Assigned
12,L-10011,Maria,Brown,Ceo,Ironwood Construction,Construction,1001-5000,Phoenix,AZ,United Sates,85004,maria.brown@ironwoodconstructi.com,(647) 820-9379,Email Campaign,Free Trial,Lost,29,2026-02-03,2026-03-05,,1200000,800,40000,Taylor Smith,No Activity,No,Downloaded Whitepaper,Maria Brown,True,Assigned
13,L-10092,Melissa,Moore,Demand Gen Manager,Silverstone Automotive,Automotive,51-200,Columbus,OH,United Sates,43215,melissa.moore@silverstoneautomot.com,372-284-1505,Website,Google Search,Contacted,49,2026-04-24,,,75000000,12,100000,Unassigned,Phone Call,No,Duplicate Suspected,Melissa Moore,False,Unassigned
14,L-10094,Joshua,Brown,Ceo,Pioneer Logistics,Logistics,51-200,Dallas,TX,United Sates,75201,joshua.brown@pioneerlogistics.com,+1 (872) 329-3174,Website,Fall Webinar,Converted,46,2026-05-09,2026-05-22,,25000000,1500,25000,Morgan Patel,Demo Requested,No,Asked For Pricing,Joshua Brown,True,Assigned
15,L-10012,Matthew,Wilson,Ceo,Westbridge Legal,Legal,1001-5000,Denver,CO,United Sates,80202,matthew.wilson@westbridgelegal.com,(881) 588-3851,Linkedin,Linkedin Prospecting,Contacted,57,2026-06-05,2026-06-05,,1200000,800,40000,Unassigned,No Activity,No,Downloaded Whitepaper,Matthew Wilson,True,Unassigned
16,L-10078,Andrew,Thompson,Business Development Manager,Metro Hospitality,Hospitality,5000+,Miami,FL,United Sates,33131,andrew.thompson@metrohospitality.com,(538) 435-7223,Google Ads,Product Demo,Nurturing,25,2026-05-07,2026-05-17,,500000000,120,40000,Unassigned,Email Open,No,Asked For Pricing,Andrew Thompson,False,Unassigned
17,L-10057,Jennifer,Smith,Head Of Growth,Greenfield Energy,Energy,51-200,Houston,TX,United Sates,77002,jennifer.smith@greenfieldenergy.com,(469) 993-5264,Referral,Fall Webinar,Nurturing,73,2026-08-18,2026-08-22,,75000000,45,40000,Chris Brown,Demo Requested,Yes,Follow Up Next Week,Jennifer Smith,True,Assigned
18,L-10117,Emily,Martin,Marketing Manager,Harbor Insurance,Insurance,501-1000,New York,NY,United Sates,10001,emily.martin@harborinsurance.con,(715) 784-9467,Email Campaign,Product Demo,Converted,39,2026-03-18,2026-03-25,2026-06-04,1200000,45,25000,Chris Brown,Phone Call,No,Downloaded Whitepaper,Emily Martin,False,Assigned
19,L-10001,Anthony,Lee,Business Development Manager,Brightpath Education,Education,1001-5000,Boston,MA,United Sates,2108,,,Linkedin,Linkedin Prospecting,Lost,50,2026-06-25,2026-06-27,,75000000,120,40000,Unassigned,Content Download,Yes,,Anthony Lee,False,Unassigned
20,L-10027,David,Anderson,Sales Director,Brightpath Education,Education,5001+,Boston,MA,United Sates,2108,david.anderson@brightpatheducatio.com,727-201-9889,Linkedin,Abm - Enterprise,Nurturing,90,2026-08-26,,,25000000,8500,75000,Morgan Patel,Email Open,Yes,,David Anderson,True,Assigned
21,L-10045,Matthew,Lee,Sales Director,Blue Ridge Financial,Financial Services,5001+,Charlotte,NC,United Sates,28202,matthew.lee@blueridgefinancial.com,(427) 541-3754,Linkedin,Product Demo,Qualified,50,2026-02-10,2026-02-18,,1200000,120,100000,Unassigned,Phone Call,No,,Matthew Lee,True,Unassigned
22,L-10067,Ashley,Jones,Business Development Manager,Harbor Insurance,Insurance,51-200,New York,NY,United Sates,10001,ashley.jones@harborinsurance.com,(555) 652-5201,Website,Linkedin Prospecting,Nurturing,76,2026-09-04,2026-09-12,,500000,45,25000,Taylor Smith,No Activity,No,Interested In Enterprise Plan,Ashley Jones,False,Assigned
23,L-10109,Robert,Lee,Marketing Manager,Cedar Manufacturing,Manufacturing,201-500,Detroit,MI,United Sates,482,robert.lee@cedarmanufacturing.com,(931) 567-8859,Referral,Linkedin Prospecting,Contacted,70,2026-09-07,2026-09-15,,5000000,45,10000,Unassigned,Website Visit,Yes,Referral From Partner,Robert Lee,False,Unassigned
24,L-10025,Daniel,Jones,Demand Gen Manager,Blue Ridge Financial,Financial Services,501-1000,Charlotte,NC,United Sates,282,daniel.jones@blueridgefinancial.com,(810) 966-5728,Google Ads,Free Trial,Contacted,50,2026-08-14,2026-08-18,,1200000,350,75000,Unassigned,Form Submission,No,,Daniel Jones,False,Unassigned
25,L-10043,Anthony,Moore,Vp Marketing,Brightpath Education,Education,51-200,Boston,MA,United Sates,2108,anthony.moore@brightpatheducatio.com,(641) 313-5640,Linkedin,Free Trial,Unqualified,51,2026-09-08,2026-09-08,,150000000,120,10000,Morgan Patel,Content Download,,Duplicate Suspected,Anthony Moore,True,Assigned
26,L-10119,Maria,Martin,Business Development Manager,Brightpath Education,Education,5001+,Boston,MA,United Sates,2108,maria.martin@brightpatheducatio.com,(511) 518-5593,Website,Healthcare Outreach,Contacted,32,2026-09-10,2026-09-23,,500000000,1500,100000,Alex Kim,Content Download,,Follow Up Next Week,Maria Martin,False,Assigned
27,L-10095,David,Jackson,Data Analytics Manager,Evergreen Pharma,Pharmaceuticals,5001+,San Diego,CA,United Sates,921,david.jackson@evergreenpharma.com,(640) 416-9105,Email Campaign,Content Download,New,57,2026-05-19,2026-05-24,,500000000,8500,5000,Morgan Patel,Website Visit,,Follow Up Next Week,David Jackson,False,Assigned
28,L-10037,Jennifer,Taylor,Vp Marketing,Westbridge Legal,Legal,51-200,Denver,CO,United Sates,80202,jennifer.taylor@westbridgelegal.com,(483) 394-3001,Paid Search,Linkedin Prospecting,New,22,2026-08-22,2026-09-01,,12500000,1500,100000,Jordan Lee,Form Submission,No,Asked For Pricing,Jennifer Taylor,True,Assigned
29,L-10091,Jessica,Brown,Marketing Manager,Greenfield Energy,Energy,51-200,Houston,TX,United Sates,77002,jessica.brown@greenfieldenergy.com,(629) 810-3258,Referral,Google Search,Converted,35,2026-07-17,2026-07-27,,500000000,120,10000,Unassigned,Phone Call,No,Referral From Partner,Jessica Brown,False,Unassigned
30,L-10013,David,Davis,Data Analytics Manager,Harbor Insurance,Insurance,5000+,New York,NY,United Sates,10001,david.davis@harborinsurance.com,(226) 247-5011,Email Campaign,Q3 Demand Gen,Converted,76,2026-09-02,2026-09-03,,12500000,120,100000,Unassigned,Content Download,No,Asked For Pricing,David Davis,False,Unassigned
31,L-10016,Stephanie,Perez,Marketing Manager,Ironwood Construction,Construction,51-200,Phoenix,AZ,United Sates,85004,stephanie.perez@ironwoodconstructi.com,(480) 646-8956,Website,Fall Webinar,Lost,62,2026-01-16,2026-01-26,,500000000,120,5000,Taylor Smith,Phone Call,Yes,Duplicate Suspected,Stephanie Perez,False,Assigned
32,L-10074,Maria,Moore,Head Of Growth,Ironwood Construction,Construction,51-200,Phoenix,AZ,United Sates,85004,maria.moore@ironwoodconstructi.com,(269) 303-1550,Linkedin,Google Search,Converted,55,2026-08-18,2026-08-31,2026-09-04,75000000,350,15000,Jordan Lee,No Activity,No,Duplicate Suspected,Maria Moore,True,Assigned
33,L-10023,Jennifer,Williams,Data Analytics Manager,Redwood Consulting,Professional Services,5001+,Seattle,WA,United Sates,98101,jennifer.williams@redwoodconsulting.com,(356) 352-5978,Referral,Abm - Enterprise,Qualified,28,2026-02-14,,,150000000,800,40000,Chris Brown,Email Open,No,Interested In Enterprise Plan,Jennifer Williams,False,Assigned
34,L-10118,Daniel,Lee,Sales Director,Oakline Telecom,Telecommunications,201-500,Atlanta,GA,United Sates,30303,daniel.lee@oaklinetelecom.com,625-353-3428,Referral,Q3 Demand Gen,Nurturing,50,2026-02-22,2026-02-23,,5000000,3200,5000,Morgan Patel,Demo Requested,,Duplicate Suspected,Daniel Lee,True,Assigned
35,L-10121,Jennifer,Perez,Director Of Marketing,Pioneer Logistics,Logistics,501-1000,Dallas,TX,United Sates,75201,jennifer.perez@pioneerlogistics.com,(935) 551-4335,Website,Abm - Enterprise,New,91,2026-05-17,2026-05-31,,150000000,12,5000,Alex Kim,No Activity,Yes,Referral From Partner,Jennifer Perez,True,Assigned
36,L-10085,Nicole,Miller,Data Analytics Manager,Oakline Telecom,Telecommunications,201-500,Atlanta,GA,United Sates,30303,nicole.miller@oaklinetelecom.com,(207) 605-6443,Website,Partner Referral,Converted,55,2026-07-15,2026-07-21,,500000000,350,15000,Morgan Patel,Demo Requested,,Requested Demo,Nicole Miller,False,Assigned
37,L-10031,Maria,White,Revops Manager,Blue Ridge Financial,Financial Services,1-50,Charlotte,NC,United Sates,28202,maria.white@blueridgefinancial.com,(965) 292-8110,Google Ads,Product Demo,Lost,41,2026-02-21,2026-02-22,,5000000,120,10000,Alex Kim,Content Download,,Requested Demo,Maria White,False,Assigned
38,L-10079,David,Johnson,Vp Marketing,Acme Health Systems,Healthcare,1001-5000,San Francisco,CA,United Sates,94105,david.johnson@acmehealthsystems.com,270-924-3474,Linkedin,Linkedin Prospecting,Converted,70,2026-01-06,2026-01-11,2026-02-12,150000000,120,5000,Alex Kim,Content Download,Yes,Duplicate Suspected,David Johnson,True,Assigned
39,L-10066,Joshua,Thomas,Revops Manager,Vertex Software,Technology,5000+,Austin,TX,United Sates,78701,joshua.thomas@vertexsoftware.com,760-562-5331,Google Ads,Linkedin Prospecting,Contacted,98,2026-09-06,2026-10-09,,25000000,45,40000,Unassigned,Content Download,No,Requested Demo,Joshua Thomas,False,Unassigned
40,L-10010,Daniel,Garcia,Product Marketing Manager,Summit Retail Group,Retail,501-1000,Chicago,IL,United Sates,60601,daniel.garcia@summitretailgroup.com,(428) 404-8541,Linkedin,Free Trial,New,62,2026-06-30,2026-07-13,,75000000,12,5000,Taylor Smith,Website Visit,No,Wrong Contact,Daniel Garcia,False,Assigned
41,L-10034,Maria,Thompson,Sales Director,Evergreen Pharma,Pharmaceuticals,1001-5000,San Diego,CA,United Sates,92101,maria.thompson@evergreenpharma.com,(535) 965-7807,Referral,Abm - Enterprise,Nurturing,39,2026-01-04,,,1200000,8500,5000,Jordan Lee,Form Submission,Yes,Requested Demo,Maria Thompson,True,Assigned
42,L-10026,James,Martinez,Director Of Marketing,Lighthouse Biotech,Biotechnology,201-500,Cambridge,MA,United Sates,2139,james.martinez@lighthousebiotech.com,(732) 867-8245,Website,Free Trial,Nurturing,30,2026-05-24,2026-05-30,,25000000,3200,100000,Unassigned,Content Download,Yes,No Response After 3 Touches,James Martinez,True,Unassigned
43,L-10071,Emily,Jones,Director Of Marketing,Silverstone Automotive,Automotive,501-1000,Columbus,OH,United Sates,43215,emily.jones@silverstoneautomot.com,(626) 918-9998,Partner,Linkedin Prospecting,Converted,57,2026-08-31,2026-09-13,2026-09-30,5000000,1500,100000,Chris Brown,Phone Call,Yes,Duplicate Suspected,Emily Jones,True,Assigned
44,L-10029,Christopher,Lee,Ceo,Brightpath Education,Education,201-500,Boston,MA,United Sates,2108,christopher.lee@brightpatheducatio.com,(802) 793-9022,Linkedin,Partner Referral,Nurturing,39,2026-03-19,2026-03-24,,500000000,3200,25000,Unassigned,Form Submission,,Follow Up Next Week,Christopher Lee,True,Unassigned
45,L-10122,Nicole,Davis,Product Marketing Manager,Silverstone Automotive,Automotive,51-200,Columbus,OH,United Sates,43215,nicole.davis@silverstoneautomot.com,+1 (673) 853-5161,Linkedin,Partner Referral,Contacted,62,2026-08-25,2026-09-08,,25000000,350,25000,Unassigned,Phone Call,Yes,Duplicate Suspected,Nicole Davis,False,Unassigned
46,L-10102,Andrew,Garcia,Head Of Growth,Evergreen Pharma,Pharmaceuticals,501-1000,San Diego,CA,United Sates,92101,andrew.garcia@evergreenpharma.com,(788) 890-2889,Website,Linkedin Prospecting,New,96,2026-04-28,2026-04-28,,150000000,350,15000,Jordan Lee,Phone Call,,Downloaded Whitepaper,Andrew Garcia,True,Assigned
47,L-10006,Sarah,Johnson,Vp Marketing,Clearwater Foods,Consumer Goods,1-50,Minneapolis,MN,United Sates,55401,sarah.johnson@clearwaterfoods.com,(810) 269-4853,Google Ads,Abm - Enterprise,Unqualified,22,2026-07-27,2026-08-05,,75000000,350,15000,Morgan Patel,Website Visit,,Wrong Contact,Sarah Johnson,True,Assigned
48,L-10065,Nicole,Martin,Founder,Brightpath Education,Education,501-1000,Boston,MA,United Sates,2108,nicole.martin@brightpatheducatio.com,(798) 691-3793,Paid Search,Google Search,Converted,71,2026-07-15,2026-07-18,2026-07-27,500000,120,40000,Jordan Lee,Content Download,Yes,No Response After 3 Touches,Nicole Martin,True,Assigned
49,L-10070,Michael,Martin,Product Marketing Manager,Vertex Software,Technology,5000+,Austin,TX,United Sates,78701,michael.martin@vertexsoftware.com,(593) 441-8319,Website,Partner Referral,Contacted,94,2026-05-18,2026-05-29,,25000000,45,75000,Taylor Smith,Demo Requested,No,Duplicate Suspected,Michael Martin,False,Assigned
50,L-10040,Stephanie,Miller,Sales Director,Metro Hospitality,Hospitality,201-500,Miami,FL,United Sates,33131,stephanie.miller@metrohospitality.com,548-664-7532,Website,Fall Webinar,Qualified,59,2026-08-02,,,75000000,120,40000,Alex Kim,Content Download,No,Referral From Partner,Stephanie Miller,True,Assigned
51,L-10050,Emily,Jackson,Revops Manager,Ironwood Construction,Construction,1001-5000,Phoenix,AZ,United Sates,85004,emily.jackson@ironwoodconstructi.com,(747) 444-6070,Website,Abm - Enterprise,Nurturing,35,2026-08-30,2026-09-08,,75000000,45,75000,Unassigned,Content Download,,Interested In Enterprise Plan,Emily Jackson,False,Unassigned
52,L-10036,Michael,Johnson,Demand Gen Manager,Northstar Analytics,Technology,1001-5000,San Jose,CA,United Sates,95113,michael.johnson@northstaranalytics.com,(300) 440-9807,Trade Show,Partner Referral,Lost,33,2026-03-12,2026-03-22,,75000000,350,25000,Morgan Patel,Website Visit,,Downloaded Whitepaper,Michael Johnson,False,Assigned
53,L-10017,Anthony,Anderson,Product Marketing Manager,Vertex Software,Technology,5001+,Austin,TX,United Sates,78701,anthony.anderson@vertexsoftware.com,(459) 283-8705,Trade Show,Product Demo,New,57,2026-01-11,2026-01-16,,1200000,350,25000,Unassigned,Demo Requested,,Downloaded Whitepaper,Anthony Anderson,False,Unassigned
54,L-10068,Michael,Smith,Product Marketing Manager,Westbridge Legal,Legal,51-200,Denver,CO,United Sates,80202,michael.smith@westbridgelegal.com,(689) 866-4267,Website,Q3 Demand Gen,New,87,2026-05-29,2026-05-29,,5000000,800,5000,Alex Kim,Demo Requested,No,,Michael Smith,False,Assigned
55,L-10035,Stephanie,Taylor,Sales Director,Blue Ridge Financial,Financial Services,5000+,Charlotte,NC,United Sates,28202,stephanie.taylor @blueridgefinancial.com,(750) 326-8451,Partner,Free Trial,Converted,71,2026-07-09,2026-07-13,,1200000,8500,75000,Taylor Smith,No Activity,No,Interested In Enterprise Plan,Stephanie Taylor,True,Assigned
56,L-10081,Andrew,Brown,Data Analytics Manager,Clearwater Foods,Consumer Goods,1-50,Minneapolis,MN,United Sates,55401,andrew.brown@clearwaterfoods.com,(909) 780-8790,Trade Show,Product Demo,Nurturing,53,2026-05-20,2026-05-30,,1200000,800,10000,Chris Brown,Website Visit,No,Requested Demo,Andrew Brown,False,Assigned
57,L-10008,Jennifer,Perez,Director Of Marketing,Pioneer Logistics,Logistics,501-1000,Dallas,TX,United Sates,75201,jennifer.perez@pioneerlogistics.com,(935) 551-4335,Website,Abm - Enterprise,New,91,2026-05-17,2026-05-31,,150000000,12,5000,Alex Kim,No Activity,Yes,Referral From Partner,Jennifer Perez,True,Assigned
58,L-10044,Joshua,Perez,Ceo,Evergreen Pharma,Pharmaceuticals,1-50,San Diego,CA,United Sates,92101,joshua.perez@evergreenpharma.com,(647) 219-8532,Trade Show,Content Download,Converted,39,2026-02-10,2026-02-19,,1200000,3200,100000,Alex Kim,Website Visit,No,,Joshua Perez,True,Assigned
59,L-10111,Emily,Smith,Vp Marketing,Clearwater Foods,Consumer Goods,51-200,Minneapolis,MN,United Sates,55401,emily.smith@clearwaterfoods.com,(829) 406-3137,Website,Free Trial,Qualified,85,2026-06-25,,,150000000,45,15000,Taylor Smith,Demo Requested,Yes,Follow Up Next Week,Emily Smith,True,Assigned
60,L-10069,Jennifer,Anderson,Business Development Manager,Harbor Insurance,Insurance,1-50,New York,NY,United Sates,10001,jennifer.anderson @harborinsurance.com,(717) 679-5470,Linkedin,Product Demo,Contacted,63,2026-04-10,2026-04-21,,150000000,1500,5000,Morgan Patel,No Activity,Yes,Follow Up Next Week,Jennifer Anderson,False,Assigned
61,L-10082,Stephanie,Anderson,Ceo,Redwood Consulting,Professional Services,1-50,Seattle,WA,United Sates,98101,stephanie.anderson@redwoodconsulting.com,(255) 300-8161,Partner,Partner Referral,Unqualified,59,2026-04-30,2026-05-12,,150000000,45,100000,Chris Brown,Demo Requested,,Duplicate Suspected,Stephanie Anderson,True,Assigned
62,L-10028,Emily,Garcia,Revops Manager,Harbor Insurance,Insurance,5000+,New York,NY,United Sates,10001,emily.garcia@harborinsurance.com,(296) 430-2858,Linkedin,Content Download,Lost,90,2026-08-26,2026-08-28,,12500000,120,100000,Alex Kim,Demo Requested,,Requested Demo,Emily Garcia,False,Assigned
63,L-10020,Sarah,Martin,Founder,Atlas Media Co,Media,5001+,Los Angeles,CA,United Sates,90017,sarah.martin@atlasmediaco.com,(487) 810-5526,Referral,Content Download,Qualified,76,2026-01-07,2026-01-08,,25000000,350,25000,Unassigned,Website Visit,Yes,,Sarah Martin,True,Unassigned
64,L-10099,David,Lee,Vp Marketing,Acme Health Systems,Healthcare,1-50,San Francisco,CA,United Sates,941,david.lee@acmehealthsystems.com,(597) 782-7895,Website,Partner Referral,New,69,2026-08-07,2026-07-20,,150000000,3200,75000,Morgan Patel,Email Open,,Referral From Partner,David Lee,True,Assigned
65,L-10108,Jennifer,Johnson,Revops Manager,Oakline Telecom,Telecommunications,501-1000,Atlanta,GA,United Sates,30303,jennifer.johnson@oaklinetelecom.com,(942) 604-9128,Linkedin,Abm - Enterprise,New,42,2026-01-17,2026-01-19,,500000000,12,5000,Taylor Smith,Phone Call,Yes,Requested Demo,Jennifer Johnson,False,Assigned
66,L-10009,Maria,Taylor,Director Of Marketing,Lighthouse Biotech,Biotechnology,5001+,Cambridge,MA,United Sates,2139,maria.taylor@lighthousebiotech.com,(331) 242-6050,Linkedin,Product Demo,Converted,96,2026-07-07,2026-07-10,,500000,120,75000,Taylor Smith,Form Submission,No,Duplicate Suspected,Maria Taylor,True,Assigned
67,L-10014,Stephanie,Davis,Founder,Summit Retail Group,Retail,5000+,Chicago,IL,United Sates,60601,stephanie.davis@summitretailgroup.com,884-743-6198,Email Campaign,Abm - Enterprise,Nurturing,90,2026-08-16,2026-08-30,,12500000,800,25000,Alex Kim,No Activity,Yes,Duplicate Suspected,Stephanie Davis,True,Assigned
68,L-10113,Sarah,Williams,Ceo,Vertex Software,Technology,501-1000,Austin,TX,United Sates,78701,sarah.williams@vertexsoftware.com,(415) 455-2110,Website,Content Download,Converted,96,2026-06-30,2026-07-11,2026-08-06,12500000,120,25000,Alex Kim,Form Submission,,Asked For Pricing,Sarah Williams,True,Assigned
69,L-10004,Robert,Brown,Head Of Growth,Summit Retail Group,Retail,51-200,Chicago,IL,United Sates,60601,robert.brown@summitretailgroup.com,(621) 678-1887,Referral,Healthcare Outreach,New,36,2026-02-21,2026-02-26,,1200000,12,75000,Chris Brown,Form Submission,Yes,Interested In Enterprise Plan,Robert Brown,True,Assigned
70,L-10018,Sarah,White,Head Of Growth,Ironwood Construction,Construction,1001-5000,Phoenix,AZ,United Sates,85004,sarah.white @ironwoodconstructi.com,(311) 792-1420,Trade Show,Fall Webinar,Lost,76,2026-06-10,2026-06-16,,75000000,3200,75000,Taylor Smith,Email Open,No,Downloaded Whitepaper,Sarah White,True,Assigned
71,L-10039,Jessica,Jackson,Data Analytics Manager,Acme Health Systems,Healthcare,1-50,San Francisco,CA,United Sates,94105,jessica.jackson@acmehealthsystems.com,(637) 902-2768,Partner,Free Trial,Qualified,59,2026-09-10,2026-09-11,,25000000,8500,40000,Chris Brown,Phone Call,Yes,Interested In Enterprise Plan,Jessica Jackson,False,Assigned
72,L-10073,Michael,Moore,Business Development Manager,Evergreen Pharma,Pharmaceuticals,5001+,San Diego,CA,United Sates,92101,michael.moore@evergreenpharma.com,(585) 282-9835,Organic Search,Linkedin Prospecting,Converted,51,2026-03-11,2026-03-12,2026-04-08,12500000,8500,15000,Jordan Lee,Demo Requested,Yes,Interested In Enterprise Plan,Michael Moore,False,Assigned
73,L-10096,Jessica,Garcia,Ceo,Brightpath Education,Education,1-50,Boston,MA,United Sates,2108,jessica.garcia@brightpatheducatio.com,(285) 580-3711,Website,Google Search,Contacted,76,2026-01-28,2026-02-08,,500000000,12,5000,Unassigned,Demo Requested,,Interested In Enterprise Plan,Jessica Garcia,True,Unassigned
74,L-10007,Anthony,Anderson,Director Of Marketing,Blue Ridge Financial,Financial Services,201-500,Charlotte,NC,United Sates,28202,anthony.anderson@blueridgefinancial.com,(276) 750-4492,Organic Search,Abm - Enterprise,Qualified,63,2026-09-18,,,500000,800,75000,Alex Kim,Website Visit,Yes,Interested In Enterprise Plan,Anthony Anderson,True,Assigned
75,L-10086,Ashley,Brown,Product Marketing Manager,Lighthouse Biotech,Biotechnology,51-200,Cambridge,MA,United Sates,2139,ashley.brown @lighthousebiotech.com,(945) 672-4434,Organic Search,Partner Referral,Qualified,76,2026-08-14,2026-08-15,,500000000,8500,40000,Morgan Patel,Content Download,No,Requested Demo,Ashley Brown,False,Assigned
76,L-10106,Jennifer,Perez,Data Analytics Manager,Evergreen Pharma,Pharmaceuticals,51-200,San Diego,CA,United Sates,92101,jennifer.perez@evergreenpharma.com,(675) 471-2964,Google Ads,Partner Referral,Lost,67,2026-02-17,2026-02-21,,25000000,800,100000,Jordan Lee,Email Open,No,No Response After 3 Touches,Jennifer Perez,False,Assigned
77,L-10098,Andrew,Thomas,Vp Marketing,Evergreen Pharma,Pharmaceuticals,201-500,San Diego,CA,United Sates,92101,andrew.thomas@evergreenpharma.com,(454) 483-2380,Organic Search,Partner Referral,Lost,34,2026-05-09,2026-05-20,,12500000,8500,25000,Alex Kim,Website Visit,No,,Andrew Thomas,True,Assigned
78,L-10055,Matthew,Anderson,Director Of Marketing,Greenfield Energy,Energy,5000+,Houston,TX,United Sates,77002,matthew.anderson@greenfieldenergy.com,(732) 473-2353,Google Ads,Product Demo,Converted,62,2026-08-07,2026-08-20,2026-09-09,500000,1500,40000,Morgan Patel,Demo Requested,,Asked For Pricing,Matthew Anderson,True,Assigned
79,L-10051,Jessica,Williams,Ceo,Greenfield Energy,Energy,201-500,Houston,TX,United Sates,77002,jessica.williams@greenfieldenergy.com,(648) 293-4637,Organic Search,Free Trial,Converted,76,2026-08-20,2026-08-26,2026-09-29,25000000,8500,75000,Unassigned,Website Visit,,No Response After 3 Touches,Jessica Williams,True,Unassigned
80,L-10114,Jessica,Smith,Sales Director,Vertex Software,Technology,1001-5000,Austin,TX,United Sates,78701,jessica.smith@vertexsoftware.com,(551) 374-7151,Email Campaign,Product Demo,New,50,2026-03-25,,,5000000,12,5000,Taylor Smith,Website Visit,Yes,Requested Demo,Jessica Smith,True,Assigned
81,L-10047,Anthony,Thompson,Marketing Manager,Atlas Media Co,Media,51-200,Los Angeles,CA,United Sates,90017,anthony.thompson@atlasmediaco.com,(264) 661-2695,Website,Free Trial,Converted,92,2026-06-26,,,150000000,3200,100000,Taylor Smith,No Activity,No,Asked For Pricing,Anthony Thompson,False,Assigned
82,L-10084,Nicole,White,Revops Manager,Vertex Software,Technology,201-500,Austin,TX,United Sates,78701,nicole.white@vertexsoftware.com,(624) 597-2387,Linkedin,Partner Referral,New,67,2026-05-06,2026-05-16,,75000000,800,10000,Unassigned,No Activity,No,,Nicole White,False,Unassigned
83,L-10062,Nicole,Moore,Director Of Marketing,Cedar Manufacturing,Manufacturing,1001-5000,Detroit,MI,United Sates,48226,nicole.moore@cedarmanufacturing.com,(395) 981-3610,Website,Q3 Demand Gen,New,70,2026-09-14,2026-09-28,,500000000,800,40000,Alex Kim,Form Submission,Yes,Requested Demo,Nicole Moore,True,Assigned
84,L-10120,David,Wilson,Sales Director,Clearwater Foods,Consumer Goods,51-200,Minneapolis,MN,United Sates,55401,david.wilson @clearwaterfoods.com,(378) 397-4288,Email Campaign,Fall Webinar,New,94,2026-01-31,,,12500000,1500,25000,Chris Brown,Phone Call,Yes,No Response After 3 Touches,David Wilson,True,Assigned
85,L-10080,Robert,White,Director Of Marketing,Clearwater Foods,Consumer Goods,5001+,Minneapolis,MN,United Sates,55401,robert.white@clearwaterfoods.com,(607) 280-7112,Partner,Content Download,Converted,91,2026-07-28,2026-08-08,,5000000,45,25000,Unassigned,Phone Call,,Downloaded Whitepaper,Robert White,True,Unassigned
86,L-10097,Amanda,Jones,Marketing Manager,Silverstone Automotive,Automotive,1001-5000,Columbus,OH,United Sates,43215,amanda.jones@silverstoneautomot.com,(292) 948-2678,Organic Search,Healthcare Outreach,Converted,51,2026-02-23,2026-02-27,2026-03-09,500000000,350,5000,Alex Kim,Website Visit,,Interested In Enterprise Plan,Amanda Jones,False,Assigned
87,L-10042,Christopher,Taylor,Marketing Manager,Acme Health Systems,Healthcare,201-500,San Francisco,CA,United Sates,94105,,(272) 345-1502,Website,Product Demo,Qualified,91,2026-02-17,2026-02-23,,1200000,800,25000,Unassigned,Phone Call,No,,Christopher Taylor,False,Unassigned
88,L-10059,Joshua,Taylor,Marketing Manager,Pioneer Logistics,Logistics,5000+,Dallas,TX,United Sates,75201,joshua.taylor@pioneerlogistics.con,(644) 714-1907,Website,Abm - Enterprise,New,57,2026-03-06,,,25000000,120,75000,Taylor Smith,Content Download,No,Interested In Enterprise Plan,Joshua Taylor,False,Assigned
89,L-10049,David,Moore,Demand Gen Manager,Clearwater Foods,Consumer Goods,1001-5000,Minneapolis,MN,United Sates,55401,david.moore@clearwaterfoods.com,(517) 384-4509,Trade Show,Product Demo,Converted,93,2026-06-25,2026-06-27,2026-07-17,5000000,120,75000,Morgan Patel,Email Open,No,Downloaded Whitepaper,David Moore,False,Assigned
90,L-10089,James,Anderson,Product Marketing Manager,Summit Retail Group,Retail,501-1000,Chicago,IL,United Sates,60601,james.anderson@summitretailgroup.com,(766) 363-6422,Referral,Google Search,New,51,2026-08-08,2026-08-14,,12500000,350,15000,Unassigned,No Activity,,Interested In Enterprise Plan,James Anderson,False,Unassigned
91,L-10105,Amanda,Taylor,Sales Director,Oakline Telecom,Telecommunications,5000+,Atlanta,GA,United Sates,30303,amanda.taylor@oaklinetelecom.com,853-603-2226,Website,Healthcare Outreach,Contacted,25,2026-02-02,2026-02-04,,5000000,45,10000,Morgan Patel,Phone Call,Yes,Requested Demo,Amanda Taylor,True,Assigned
92,L-10058,Sarah,Taylor,Marketing Manager,Clearwater Foods,Consumer Goods,1-50,Minneapolis,MN,United Sates,55401,sarah.taylor@clearwaterfoods.com,(343) 442-9094,Organic Search,Content Download,Nurturing,56,2026-01-15,2026-01-20,,1200000,120,15000,Unassigned,Email Open,No,No Response After 3 Touches,Sarah Taylor,False,Unassigned
93,L-10076,Joshua,Jones,Head Of Growth,Redwood Consulting,Professional Services,201-500,Seattle,WA,United Sates,98101,joshua.jones@redwoodconsulting.com,(539) 862-2295,Website,Healthcare Outreach,Lost,96,2026-08-20,,,12500000,8500,10000,Unassigned,Demo Requested,Yes,Asked For Pricing,Joshua Jones,True,Unassigned
94,L-10033,Matthew,Thompson,Data Analytics Manager,Evergreen Pharma,Pharmaceuticals,501-1000,San Diego,CA,United Sates,92101,matthew.thompson@evergreenpharma.com,(223) 874-7484,Linkedin,Healthcare Outreach,New,29,2026-05-22,2026-06-01,,5000000,45,75000,Unassigned,Email Open,Yes,No Response After 3 Touches,Matthew Thompson,False,Unassigned
95,L-10116,David,Perez,Data Analytics Manager,Redwood Consulting,Professional Services,51-200,Seattle,WA,United Sates,98101,david.perez@redwoodconsulting.com,(579) 391-8303,Google Ads,Google Search,Contacted,65,2026-01-24,2026-01-28,,150000000,3200,40000,Unassigned,Form Submission,No,,David Perez,False,Unassigned
96,L-10060,Joshua,Garcia,Data Analytics Manager,Lighthouse Biotech,Biotechnology,5000+,Cambridge,MA,United Sates,2139,joshua.garcia@lighthousebiotech.com,(875) 839-6531,Website,Content Download,Converted,42,2026-01-23,,,25000000,800,25000,Jordan Lee,Form Submission,,Requested Demo,Joshua Garcia,False,Assigned
97,L-10064,Christopher,Martin,Sales Director,Clearwater Foods,Consumer Goods,5001+,Minneapolis,MN,United Sates,55401,christopher.martin@clearwaterfoods.com,(536) 827-6218,Website,Free Trial,Unqualified,80,2026-03-26,2026-04-06,,150000000,800,100000,Unassigned,Form Submission,,Asked For Pricing,Christopher Martin,True,Unassigned
98,L-10115,Stephanie,Perez,Ceo,Brightpath Education,Education,201-500,Boston,MA,United Sates,21,stephanie.perez@brightpatheducatio.com,(299) 250-7437,Website,Abm - Enterprise,New,76,2026-09-10,,,1200000,800,100000,Morgan Patel,Phone Call,No,Wrong Contact,Stephanie Perez,True,Assigned
99,L-10038,Daniel,Jones,Vp Marketing,Pioneer Logistics,Logistics,201-500,Dallas,TX,United Sates,75201,daniel.jones@pioneerlogistics.com,,Organic Search,Fall Webinar,Qualified,57,2026-03-10,2026-03-22,,1200000,8500,40000,Jordan Lee,Content Download,Yes,Referral From Partner,Daniel Jones,True,Assigned
100,L-10030,Melissa,Johnson,Director Of Marketing,Pioneer Logistics,Logistics,5001+,Dallas,TX,United Sates,75201,melissa.johnson@pioneerlogistics.con,(651) 302-9617,Email Campaign,Fall Webinar,New,33,2026-08-23,2026-08-29,,150000000,1500,75000,Unassigned,Form Submission,No,Referral From Partner,Melissa Johnson,True,Unassigned
101,L-10110,Maria,Davis,Sales Director,Lighthouse Biotech,Biotechnology,1001-5000,Cambridge,MA,United Sates,2139,maria.davis@lighthousebiotech.com,(381) 442-6210,Paid Search,Content Download,Lost,43,2026-04-07,,,5000000,8500,5000,Alex Kim,Email Open,Yes,,Maria Davis,True,Assigned
102,L-10002,Christopher,Martin,Founder,Acme Health Systems,Healthcare,51-200,San Francisco,CA,United Sates,94105,christopher.martin@acmehealthsystems.com,(446) 259-4946,Linkedin,Linkedin Prospecting,Converted,53,2026-02-11,2026-02-24,2026-03-06,25000000,3200,75000,Unassigned,Demo Requested,No,Referral From Partner,Christopher Martin,True,Unassigned
103,L-10053,Emily,Thompson,Product Marketing Manager,Metro Hospitality,Hospitality,201-500,Miami,FL,United Sates,33131,emily.thompson@metrohospitality.com,270-738-9914,Website,Free Trial,New,57,2026-09-18,2026-09-24,,1200000,1500,10000,Alex Kim,Demo Requested,No,Downloaded Whitepaper,Emily Thompson,False,Assigned
104,L-10022,Jessica,Brown,Demand Gen Manager,Atlas Media Co,Media,5000+,Los Angeles,CA,United Sates,90017,jessica.brown@atlasmediaco.com,(384) 509-1231,Website,Google Search,New,70,2026-03-07,,,500000000,8500,15000,Jordan Lee,Email Open,Yes,No Response After 3 Touches,Jessica Brown,False,Assigned
105,L-10003,Anthony,Brown,Vp Marketing,Cedar Manufacturing,Manufacturing,1-50,Detroit,MI,United Sates,48226,anthony.brown@cedarmanufacturing.com,(222) 802-4770,Linkedin,Content Download,Converted,42,2026-04-24,,,5000000,8500,10000,Unassigned,Phone Call,,Requested Demo,Anthony Brown,True,Unassigned
106,L-10024,Robert,Miller,Vp Marketing,Brightpath Education,Education,201-500,Boston,MA,United Sates,2108,robert.miller@brightpatheducatio.com,(378) 765-2229,Linkedin,Abm - Enterprise,Contacted,96,2026-03-23,2026-04-03,,12500000,3200,5000,Chris Brown,Website Visit,,Follow Up Next Week,Robert Miller,True,Assigned
107,L-10104,Stephanie,Davis,Ceo,Pioneer Logistics,Logistics,5000+,Dallas,TX,United Sates,75201,stephanie.davis@pioneerlogistics.com,(439) 754-6675,Linkedin,Partner Referral,Converted,68,2026-01-06,,,5000000,800,5000,Alex Kim,Website Visit,,Referral From Partner,Stephanie Davis,True,Assigned
108,L-10100,Stephanie,White,Product Marketing Manager,Pioneer Logistics,Logistics,1-50,Dallas,TX,United Sates,75201,stephanie.white@pioneerlogistics.com,(281) 723-4329,Linkedin,Q3 Demand Gen,Converted,41,2026-03-22,2026-03-31,,1200000,8500,40000,Chris Brown,Email Open,Yes,Follow Up Next Week,Stephanie White,False,Assigned
109,L-10088,Joshua,Jones,Sales Director,Evergreen Pharma,Pharmaceuticals,5001+,San Diego,CA,United Sates,92101,joshua.jones@evergreenpharma.con,(503) 625-2406,Website,Content Download,Contacted,80,2026-03-02,,,500000000,1500,5000,Taylor Smith,Email Open,,Interested In Enterprise Plan,Joshua Jones,True,Assigned
110,L-10112,Amanda,Martin,Ceo,Vertex Software,Technology,1-50,Austin,TX,United Sates,78701,amanda.martin@vertexsoftware.com,,Trade Show,Healthcare Outreach,Converted,26,2026-07-14,2026-07-18,2026-07-20,5000000,1500,75000,Alex Kim,Website Visit,Yes,Downloaded Whitepaper,Amanda Martin,True,Assigned
111,L-10075,Amanda,Wilson,Ceo,Brightpath Education,Education,51-200,Boston,MA,United Sates,2108,amanda.wilson@brightpatheducatio.com,,Referral,Healthcare Outreach,Lost,85,2026-06-27,2026-09-07,,5000000,8500,5000,Chris Brown,Phone Call,No,Referral From Partner,Amanda Wilson,True,Assigned
112,L-10087,Stephanie,Johnson,Product Marketing Manager,Evergreen Pharma,Pharmaceuticals,5001+,San Diego,CA,United Sates,921,stephanie.johnson@evergreenpharma.com,(988) 454-6816,Linkedin,Healthcare Outreach,Converted,67,2026-03-28,2026-04-06,,12500000,8500,15000,Morgan Patel,Phone Call,,,Stephanie Johnson,False,Assigned
113,L-10083,David,Williams,Founder,Brightpath Education,Education,5001+,Boston,MA,United Sates,2108,,(958) 598-6188,Google Ads,Content Download,Contacted,53,2026-07-05,,,150000000,45,5000,Alex Kim,Demo Requested,No,Interested In Enterprise Plan,David Williams,True,Assigned
114,L-10123,Jennifer,Anderson,Business Development Manager,Harbor Insurance,Insurance,1-50,New York,NY,United Sates,10001,jennifer.anderson @harborinsurance.com,(717) 679-5470,Linkedin,Product Demo,Contacted,63,2026-04-10,2026-04-21,,150000000,1500,5000,Morgan Patel,No Activity,Yes,Follow Up Next Week,Jennifer Anderson,False,Assigned
115,L-10021,Ashley,Martin,Business Development Manager,Westbridge Legal,Legal,201-500,Denver,CO,United Sates,80202,ashley.martin@westbridgelegal.com,(964) 763-6419,Organic Search,Product Demo,New,97,2026-07-01,2026-07-05,,500000000,800,75000,Chris Brown,Form Submission,No,,Ashley Martin,False,Assigned
116,L-10061,Jessica,Jackson,Business Development Manager,Blue Ridge Financial,Financial Services,501-1000,Charlotte,NC,United Sates,28202,jessica.jackson@blueridgefinancial.com,(626) 695-8609,Google Ads,Healthcare Outreach,Qualified,70,2026-04-16,2026-04-21,,500000000,350,10000,Alex Kim,Email Open,Yes,Requested Demo,Jessica Jackson,False,Assigned
117,L-10072,Andrew,Martin,Business Development Manager,Blue Ridge Financial,Financial Services,501-1000,Charlotte,NC,United Sates,28202,andrew.martin@blueridgefinancial.com,(665) 335-9409,Website,Partner Referral,Contacted,37,2026-08-02,2026-08-10,,500000,45,25000,Alex Kim,Demo Requested,No,Follow Up Next Week,Andrew Martin,False,Assigned
118,L-10107,Stephanie,Perez,Sales Director,Cedar Manufacturing,Manufacturing,5000+,Detroit,MI,United Sates,48226,stephanie.perez@cedarmanufacturing.com,(344) 324-1195,Website,Q3 Demand Gen,Qualified,33,2026-02-02,,,500000000,120,5000,Unassigned,Form Submission,,Downloaded Whitepaper,Stephanie Perez,True,Unassigned
119,L-10015,Daniel,Anderson,Founder,Vertex Software,Technology,1-50,Austin,TX,United Sates,78701,daniel.anderson@vertexsoftware.com,(355) 436-7275,Trade Show,Q3 Demand Gen,Nurturing,33,2026-03-21,2026-03-27,,500000000,12,15000,Taylor Smith,Form Submission,No,Requested Demo,Daniel Anderson,True,Assigned
120,L-10093,Amanda,Brown,Product Marketing Manager,Cedar Manufacturing,Manufacturing,51-200,Detroit,MI,United Sates,48226,amanda.brown@cedarmanufacturing.com,(470) 556-2425,Trade Show,Free Trial,Converted,31,2026-08-14,2026-08-17,2026-09-10,5000000,1500,75000,Taylor Smith,Demo Requested,No,Wrong Contact,Amanda Brown,False,Assigned
121,L-10052,Anthony,White,Head Of Growth,Acme Health Systems,Healthcare,5000+,San Francisco,CA,United Sates,94105,anthony.white @acmehealthsystems.com,(421) 353-9991,Referral,Google Search,New,31,2026-08-06,2026-08-09,,12500000,120,15000,Morgan Patel,Email Open,No,Downloaded Whitepaper,Anthony White,True,Assigned
122,L-10103,Daniel,Williams,Revops Manager,Lighthouse Biotech,Biotechnology,201-500,Cambridge,MA,United Sates,21,daniel.williams @lighthousebiotech.com,(384) 428-9450,Linkedin,Abm - Enterprise,Nurturing,42,2026-01-25,,,12500000,8500,15000,Chris Brown,Phone Call,,Duplicate Suspected,Daniel Williams,False,Assigned
